%time,field.header.seq,field.header.stamp,field.header.frame_id,field.data.data
1692649624037132978,461,1692649624037132978,,4298.0
1692649624039001703,462,1692649624039001703,,1064.0
1692649624041864871,463,1692649624041864871,,-286.0
1692649624085612773,464,1692649624085612773,,4298.0
1692649624088202714,465,1692649624088202714,,1064.0
1692649624090898990,466,1692649624090898990,,-288.0
1692649624134418010,467,1692649624134418010,,4297.0
1692649624136609792,468,1692649624136609792,,1063.0
1692649624140325307,469,1692649624140325307,,4298.0
1692649624160202741,470,1692649624160202741,,-286.0
1692649624206394433,471,1692649624206394433,,4298.0
1692649624209105253,472,1692649624209105253,,1064.0
1692649624211363554,473,1692649624211363554,,4297.0
1692649624230510473,474,1692649624230510473,,-286.0
1692649624277077198,475,1692649624277077198,,4298.0
1692649624279095649,476,1692649624279095649,,1063.0
1692649624281463861,477,1692649624281463861,,1604.0
1692649624301194906,478,1692649624301194906,,-293.0
1692649624349299907,479,1692649624349299907,,4298.0
1692649624352747917,480,1692649624352747917,,1604.0
1692649624371343612,481,1692649624371343612,,-287.0
1692649624413506984,482,1692649624413506984,,4297.0
1692649624415587663,483,1692649624415587663,,1063.0
1692649624417779684,484,1692649624417779684,,-288.0
1692649624461187839,485,1692649624461187839,,4298.0
1692649624463207244,486,1692649624463207244,,1063.0
1692649624465210437,487,1692649624465210437,,-289.0
1692649624514085531,488,1692649624514085531,,4297.0
1692649624516893863,489,1692649624516893863,,1604.0
1692649624536752939,490,1692649624536752939,,-279.0
1692649624578175783,491,1692649624578175783,,4298.0
1692649624580802917,492,1692649624580802917,,1063.0
1692649624583212614,493,1692649624583212614,,-293.0
1692649624625591993,494,1692649624625591993,,4298.0
1692649624627993583,495,1692649624627993583,,1063.0
1692649624630011081,496,1692649624630011081,,-285.0
1692649624678036212,497,1692649624678036212,,4299.0
1692649624680185079,498,1692649624680185079,,1604.0
1692649624700499773,499,1692649624700499773,,-286.0
1692649624745495080,500,1692649624745495080,,4298.0
1692649624747848749,501,1692649624747848749,,1063.0
1692649624749935388,502,1692649624749935388,,4298.0
1692649624771519660,503,1692649624771519660,,-291.0
1692649624813709974,504,1692649624813709974,,4298.0
1692649624817292213,505,1692649624817292213,,1063.0
1692649624820322275,506,1692649624820322275,,-292.0
1692649624866581439,507,1692649624866581439,,4298.0
1692649624869664192,508,1692649624869664192,,1604.0
1692649624889692783,509,1692649624889692783,,-287.0
1692649624930772304,510,1692649624930772304,,4298.0
1692649624933722734,511,1692649624933722734,,1064.0
1692649624937067270,512,1692649624937067270,,-285.0
1692649624978574037,513,1692649624978574037,,4298.0
1692649624981440544,514,1692649624981440544,,1063.0
1692649624983551740,515,1692649624983551740,,-290.0
1692649625026036977,516,1692649625026036977,,4298.0
1692649625029013395,517,1692649625029013395,,1064.0
1692649625031184196,518,1692649625031184196,,-291.0
1692649625078040122,519,1692649625078040122,,4298.0
1692649625081025123,520,1692649625081025123,,1604.0
1692649625100975275,521,1692649625100975275,,-289.0
1692649625141483068,522,1692649625141483068,,4299.0
1692649625144878387,523,1692649625144878387,,1063.0
1692649625147377252,524,1692649625147377252,,-290.0
1692649625191909313,525,1692649625191909313,,4298.0
1692649625203961372,526,1692649625203961372,,1064.0
1692649625206904172,527,1692649625206904172,,4298.0
1692649625217979669,528,1692649625217979669,,-292.0
1692649625262044668,529,1692649625262044668,,4298.0
1692649625264260530,530,1692649625264260530,,1064.0
1692649625266145467,531,1692649625266145467,,-291.0
1692649625288867473,532,1692649625288867473,,4298.0
1692649625291168689,533,1692649625291168689,,1064.0
1692649625312343835,534,1692649625312343835,,-286.0
1692649625357982873,535,1692649625357982873,,4298.0
1692649625360664844,536,1692649625360664844,,1064.0
1692649625362907648,537,1692649625362907648,,4298.0
1692649625382820844,538,1692649625382820844,,-294.0
1692649625425997972,539,1692649625425997972,,4298.0
1692649625428998231,540,1692649625428998231,,1063.0
1692649625431083679,541,1692649625431083679,,-289.0
1692649625469824314,542,1692649625469824314,,4298.0
1692649625471935510,543,1692649625471935510,,1063.0
1692649625476064920,544,1692649625476064920,,-284.0
1692649625517959356,545,1692649625517959356,,4297.0
1692649625521209955,546,1692649625521209955,,1064.0
1692649625524922132,547,1692649625524922132,,-288.0
1692649625570708513,548,1692649625570708513,,4298.0
1692649625573107242,549,1692649625573107242,,1063.0
1692649625575228929,550,1692649625575228929,,4298.0
1692649625594403982,551,1692649625594403982,,-288.0
1692649625642008781,552,1692649625642008781,,4298.0
1692649625644410610,553,1692649625644410610,,1604.0
1692649625664479494,554,1692649625664479494,,-294.0
1692649625706176519,555,1692649625706176519,,4299.0
1692649625710268497,556,1692649625710268497,,1063.0
1692649625712780714,557,1692649625712780714,,-286.0
1692649625755218982,558,1692649625755218982,,4298.0
1692649625757809638,559,1692649625757809638,,1064.0
1692649625759968519,560,1692649625759968519,,-293.0
1692649625801847696,561,1692649625801847696,,4298.0
1692649625804713487,562,1692649625804713487,,1064.0
1692649625806781530,563,1692649625806781530,,-285.0
1692649625850031375,564,1692649625850031375,,4298.0
1692649625852729558,565,1692649625852729558,,1064.0
1692649625855310440,566,1692649625855310440,,4298.0
1692649625876553297,567,1692649625876553297,,-286.0
1692649625918258666,568,1692649625918258666,,4298.0
1692649625920544147,569,1692649625920544147,,1064.0
1692649625923834800,570,1692649625923834800,,-293.0
1692649625966171979,571,1692649625966171979,,4298.0
1692649625968976736,572,1692649625968976736,,1064.0
1692649625970878124,573,1692649625970878124,,-287.0
1692649626017995834,574,1692649626017995834,,4298.0
1692649626021581411,575,1692649626021581411,,1604.0
1692649626041325569,576,1692649626041325569,,-290.0
1692649626081965684,577,1692649626081965684,,4298.0
1692649626083927869,578,1692649626083927869,,1064.0
1692649626087362289,579,1692649626087362289,,-295.0
1692649626129941225,580,1692649626129941225,,4298.0
1692649626131968975,581,1692649626131968975,,1064.0
1692649626133656740,582,1692649626133656740,,-288.0
1692649626177889347,583,1692649626177889347,,4298.0
1692649626180009365,584,1692649626180009365,,1064.0
1692649626181453227,585,1692649626181453227,,-282.0
1692649626222482919,586,1692649626222482919,,4298.0
1692649626225901365,587,1692649626225901365,,1064.0
1692649626228614568,588,1692649626228614568,,-283.0
1692649626269819974,589,1692649626269819974,,4299.0
1692649626272324562,590,1692649626272324562,,1064.0
1692649626275995731,591,1692649626275995731,,-289.0
1692649626317770004,592,1692649626317770004,,4299.0
1692649626319791316,593,1692649626319791316,,1064.0
1692649626321803331,594,1692649626321803331,,-287.0
1692649626365753412,595,1692649626365753412,,4299.0
1692649626367901086,596,1692649626367901086,,1064.0
1692649626369606494,597,1692649626369606494,,-285.0
1692649626414072751,598,1692649626414072751,,4298.0
1692649626416382789,599,1692649626416382789,,1064.0
1692649626418483018,600,1692649626418483018,,4298.0
1692649626440325260,601,1692649626440325260,,-283.0
1692649626482076168,602,1692649626482076168,,4298.0
1692649626484409093,603,1692649626484409093,,1064.0
1692649626486448287,604,1692649626486448287,,-291.0
1692649626530061721,605,1692649626530061721,,4299.0
1692649626532951593,606,1692649626532951593,,1064.0
1692649626535396099,607,1692649626535396099,,-289.0
1692649626578438043,608,1692649626578438043,,4298.0
1692649626581070899,609,1692649626581070899,,1064.0
1692649626582915544,610,1692649626582915544,,4298.0
1692649626605268955,611,1692649626605268955,,-294.0
1692649626650056600,612,1692649626650056600,,4299.0
1692649626652498722,613,1692649626652498722,,1063.0
1692649626654822826,614,1692649626654822826,,4299.0
1692649626675684452,615,1692649626675684452,,-286.0
1692649626718374490,616,1692649626718374490,,4299.0
1692649626721375465,617,1692649626721375465,,1064.0
1692649626724990367,618,1692649626724990367,,-286.0
1692649626766243934,619,1692649626766243934,,4298.0
1692649626769021272,620,1692649626769021272,,1064.0
1692649626771313428,621,1692649626771313428,,4299.0
1692649626792919874,622,1692649626792919874,,-287.0
1692649626837675571,623,1692649626837675571,,4298.0
1692649626839933156,624,1692649626839933156,,1064.0
1692649626842228412,625,1692649626842228412,,4299.0
1692649626863047838,626,1692649626863047838,,-286.0
1692649626909767866,627,1692649626909767866,,4298.0
1692649626911682367,628,1692649626911682367,,1064.0
1692649626913289546,629,1692649626913289546,,4299.0
1692649626932829141,630,1692649626932829141,,-290.0
1692649626981714487,631,1692649626981714487,,4298.0
1692649626983915805,632,1692649626983915805,,1604.0
1692649627003805160,633,1692649627003805160,,-286.0
1692649627049391508,634,1692649627049391508,,4299.0
1692649627051527500,635,1692649627051527500,,1063.0
1692649627053509235,636,1692649627053509235,,4299.0
1692649627073970079,637,1692649627073970079,,-289.0
1692649627117175579,638,1692649627117175579,,4298.0
1692649627119402408,639,1692649627119402408,,1064.0
1692649627121995687,640,1692649627121995687,,-292.0
1692649627165923118,641,1692649627165923118,,4298.0
1692649627168546199,642,1692649627168546199,,1064.0
1692649627170812845,643,1692649627170812845,,4299.0
1692649627191811323,644,1692649627191811323,,-283.0
1692649627237661361,645,1692649627237661361,,4298.0
1692649627239871263,646,1692649627239871263,,1063.0
1692649627242516517,647,1692649627242516517,,4299.0
1692649627263672351,648,1692649627263672351,,-288.0
1692649627306138992,649,1692649627306138992,,4298.0
1692649627308809757,650,1692649627308809757,,1064.0
1692649627310823917,651,1692649627310823917,,-289.0
1692649627353466987,652,1692649627353466987,,4299.0
1692649627356385231,653,1692649627356385231,,1064.0
1692649627359306097,654,1692649627359306097,,-282.0
1692649627380267620,655,1692649627380267620,,4298.0
1692649627383057355,656,1692649627383057355,,1064.0
1692649627403691530,657,1692649627403691530,,-289.0
1692649627450023889,658,1692649627450023889,,4298.0
1692649627452697277,659,1692649627452697277,,1063.0
1692649627455271005,660,1692649627455271005,,4299.0
1692649627474511146,661,1692649627474511146,,-287.0
1692649627522030353,662,1692649627522030353,,4298.0
1692649627524751424,663,1692649627524751424,,1604.0
1692649627543755531,664,1692649627543755531,,-289.0
1692649627727049589,665,1692649627727049589,,4298.0
1692649627732307672,667,1692649627732307672,,0.0
1692649627734582424,668,1692649627734582424,,-288.0
1692649627755662918,669,1692649627755662918,,4298.0
1692649627757460117,670,1692649627757460117,,1064.0
1692649627779049634,671,1692649627779049634,,-290.0
1692649627826032638,672,1692649627826032638,,4298.0
1692649627828813076,673,1692649627828813076,,1064.0
1692649627831331491,674,1692649627831331491,,4298.0
1692649627850234270,675,1692649627850234270,,-287.0
1692649627898293495,676,1692649627898293495,,4299.0
1692649627901010990,677,1692649627901010990,,1604.0
1692649627920369386,678,1692649627920369386,,-295.0
1692649627966356277,679,1692649627966356277,,4299.0
1692649627969125986,680,1692649627969125986,,1063.0
1692649627971475124,681,1692649627971475124,,4299.0
1692649627990897417,682,1692649627990897417,,-294.0
1692649628033340692,683,1692649628033340692,,4299.0
1692649628036047458,684,1692649628036047458,,1064.0
1692649628038265705,685,1692649628038265705,,-283.0
1692649628085857629,686,1692649628085857629,,4298.0
1692649628088515996,687,1692649628088515996,,1604.0
1692649628108663558,688,1692649628108663558,,-290.0
1692649628150011539,689,1692649628150011539,,4298.0
1692649628152446508,690,1692649628152446508,,1064.0
1692649628154925584,691,1692649628154925584,,-285.0
1692649628206365585,692,1692649628206365585,,4298.0
1692649628208780288,693,1692649628208780288,,1063.0
1692649628210658550,694,1692649628210658550,,1604.0
1692649628225786924,695,1692649628225786924,,-286.0
1692649628277801752,696,1692649628277801752,,4298.0
1692649628283390283,697,1692649628283390283,,1064.0
1692649628287176132,698,1692649628287176132,,1604.0
1692649628305675268,699,1692649628305675268,,-292.0
1692649628337760448,700,1692649628337760448,,4298.0
1692649628340307235,701,1692649628340307235,,1064.0
1692649628345124244,702,1692649628345124244,,-288.0
1692649628385865688,703,1692649628385865688,,4298.0
1692649628388331174,704,1692649628388331174,,1064.0
1692649628390339612,705,1692649628390339612,,-287.0
1692649628437517642,706,1692649628437517642,,4298.0
1692649628440248489,707,1692649628440248489,,1604.0
1692649628460622549,708,1692649628460622549,,-288.0
1692649628505386590,709,1692649628505386590,,4298.0
1692649628508496999,710,1692649628508496999,,1063.0
1692649628511170148,711,1692649628511170148,,4298.0
1692649628532313823,712,1692649628532313823,,-286.0
1692649628578639984,713,1692649628578639984,,4298.0
1692649628581782579,714,1692649628581782579,,1063.0
1692649628583826541,715,1692649628583826541,,4298.0
1692649628602269172,716,1692649628602269172,,-294.0
1692649628645940542,717,1692649628645940542,,4298.0
1692649628648247241,718,1692649628648247241,,1064.0
1692649628649777412,719,1692649628649777412,,-289.0
1692649628694272994,720,1692649628694272994,,4298.0
1692649628697844982,721,1692649628697844982,,1064.0
1692649628699854135,722,1692649628699854135,,4299.0
1692649628720312833,723,1692649628720312833,,-287.0
1692649628765995979,724,1692649628765995979,,4298.0
1692649628768430709,725,1692649628768430709,,1063.0
1692649628770329236,726,1692649628770329236,,4298.0
1692649628789760351,727,1692649628789760351,,-290.0
1692649628838085651,728,1692649628838085651,,4298.0
1692649628841350078,729,1692649628841350078,,1604.0
1692649628861320257,730,1692649628861320257,,-283.0
1692649628901979446,731,1692649628901979446,,4298.0
1692649628904314279,732,1692649628904314279,,1064.0
1692649628906993150,733,1692649628906993150,,-290.0
1692649628953896522,734,1692649628953896522,,4298.0
1692649628956547498,735,1692649628956547498,,1063.0
1692649628959583520,736,1692649628959583520,,4298.0
1692649628978783130,737,1692649628978783130,,-293.0
1692649629022049188,738,1692649629022049188,,4298.0
1692649629025098800,739,1692649629025098800,,1063.0
1692649629028204917,740,1692649629028204917,,-293.0
1692649629048741579,741,1692649629048741579,,4298.0
1692649629050849676,742,1692649629050849676,,1064.0
1692649629072041511,743,1692649629072041511,,-291.0
1692649629114091634,744,1692649629114091634,,4298.0
1692649629116305112,745,1692649629116305112,,1063.0
1692649629118331670,746,1692649629118331670,,-287.0
1692649629162384033,747,1692649629162384033,,4297.0
1692649629165044069,748,1692649629165044069,,1064.0
1692649629167370796,749,1692649629167370796,,-288.0
1692649629210571527,750,1692649629210571527,,4298.0
1692649629214422941,751,1692649629214422941,,1063.0
1692649629217463493,752,1692649629217463493,,4299.0
1692649629236999273,753,1692649629236999273,,-285.0
1692649629278114080,754,1692649629278114080,,4298.0
1692649629280885696,755,1692649629280885696,,1063.0
1692649629283415317,756,1692649629283415317,,-285.0
1692649629326412439,757,1692649629326412439,,4298.0
1692649629329328536,758,1692649629329328536,,1063.0
1692649629332094907,759,1692649629332094907,,-292.0
1692649629374000549,760,1692649629374000549,,4298.0
1692649629376595735,761,1692649629376595735,,1063.0
1692649629378912448,762,1692649629378912448,,-284.0
1692649629422664880,763,1692649629422664880,,4298.0
1692649629425394535,764,1692649629425394535,,1063.0
1692649629428236961,765,1692649629428236961,,4298.0
1692649629448157787,766,1692649629448157787,,-293.0
1692649629490643501,767,1692649629490643501,,4298.0
1692649629493669033,768,1692649629493669033,,1063.0
1692649629497079133,769,1692649629497079133,,-294.0
1692649629537987947,770,1692649629537987947,,4298.0
1692649629541137218,771,1692649629541137218,,1063.0
1692649629546483516,772,1692649629546483516,,-291.0
1692649629586023330,773,1692649629586023330,,4298.0
1692649629588435649,774,1692649629588435649,,1063.0
1692649629591437339,775,1692649629591437339,,-292.0
1692649629613046169,776,1692649629613046169,,4299.0
1692649629615551948,777,1692649629615551948,,1063.0
1692649629636385440,778,1692649629636385440,,-291.0
1692649629681854486,779,1692649629681854486,,4299.0
1692649629684513330,780,1692649629684513330,,1063.0
1692649629686463117,781,1692649629686463117,,4299.0
1692649629706970214,782,1692649629706970214,,-288.0
1692649629749890565,783,1692649629749890565,,4299.0
1692649629752693653,784,1692649629752693653,,1063.0
1692649629755889892,785,1692649629755889892,,-288.0
1692649629797778844,786,1692649629797778844,,4299.0
1692649629799830675,787,1692649629799830675,,1063.0
1692649629801504611,788,1692649629801504611,,-285.0
1692649629823693752,789,1692649629823693752,,4299.0
1692649629825402021,790,1692649629825402021,,1063.0
1692649629846832990,791,1692649629846832990,,-288.0
1692649629893112421,792,1692649629893112421,,4298.0
1692649629895945787,793,1692649629895945787,,1063.0
1692649629898542881,794,1692649629898542881,,4299.0
1692649629918165683,795,1692649629918165683,,-288.0
1692649629966303825,796,1692649629966303825,,4298.0
1692649629969382762,797,1692649629969382762,,1604.0
1692649629988916158,798,1692649629988916158,,-291.0
1692649630033928394,799,1692649630033928394,,4298.0
1692649630036629676,800,1692649630036629676,,1063.0
1692649630038765668,801,1692649630038765668,,4298.0
1692649630058729171,802,1692649630058729171,,-289.0
1692649630105027675,803,1692649630105027675,,4299.0
1692649630107627868,804,1692649630107627868,,1063.0
1692649630110611677,805,1692649630110611677,,4299.0
1692649630129740238,806,1692649630129740238,,-286.0
1692649630174234151,807,1692649630174234151,,4299.0
1692649630177023172,808,1692649630177023172,,1063.0
1692649630179932117,809,1692649630179932117,,4299.0
1692649630200289964,810,1692649630200289964,,-297.0
1692649630246744155,811,1692649630246744155,,4299.0
1692649630261050224,812,1692649630261050224,,1063.0
1692649630265206813,813,1692649630265206813,,4299.0
1692649630271364927,814,1692649630271364927,,-289.0
1692649630314280271,815,1692649630314280271,,4299.0
1692649630317824602,816,1692649630317824602,,1063.0
1692649630320586442,817,1692649630320586442,,4299.0
1692649630341757774,818,1692649630341757774,,-289.0
1692649630388704776,819,1692649630388704776,,4298.0
1692649630391994953,820,1692649630391994953,,1063.0
1692649630394300222,821,1692649630394300222,,4299.0
1692649630411301136,822,1692649630411301136,,-287.0
1692649630454242229,823,1692649630454242229,,4299.0
1692649630457334518,824,1692649630457334518,,1063.0
1692649630460399866,825,1692649630460399866,,-288.0
1692649630503513336,826,1692649630503513336,,4299.0
1692649630507143259,827,1692649630507143259,,1063.0
1692649630510702371,828,1692649630510702371,,4298.0
1692649630529431581,829,1692649630529431581,,-295.0
1692649630574366569,830,1692649630574366569,,4298.0
1692649630578589916,831,1692649630578589916,,1063.0
1692649630581273794,832,1692649630581273794,,4298.0
1692649630599595785,833,1692649630599595785,,-296.0
1692649630645955324,834,1692649630645955324,,4299.0
1692649630648317337,835,1692649630648317337,,1063.0
1692649630650789260,836,1692649630650789260,,4298.0
1692649630670273780,837,1692649630670273780,,-291.0
1692649630718404769,838,1692649630718404769,,4298.0
1692649630721163511,839,1692649630721163511,,1604.0
1692649630740687370,840,1692649630740687370,,-287.0
1692649630786335945,841,1692649630786335945,,4298.0
1692649630788729906,842,1692649630788729906,,1063.0
1692649630791106462,843,1692649630791106462,,4299.0
1692649630811743259,844,1692649630811743259,,-289.0
1692649630854644775,845,1692649630854644775,,4299.0
1692649630857682704,846,1692649630857682704,,1063.0
1692649630860339641,847,1692649630860339641,,-290.0
1692649630906142950,848,1692649630906142950,,4299.0
1692649630908613204,849,1692649630908613204,,1604.0
1692649630928611040,850,1692649630928611040,,-283.0
1692649630969469785,851,1692649630969469785,,4299.0
1692649630971519708,852,1692649630971519708,,1063.0
1692649630975104331,853,1692649630975104331,,-286.0
1692649631018584012,854,1692649631018584012,,4298.0
1692649631021512269,855,1692649631021512269,,1063.0
1692649631024028301,856,1692649631024028301,,-287.0
1692649631065812826,857,1692649631065812826,,4298.0
1692649631067658901,858,1692649631067658901,,1063.0
1692649631069377183,859,1692649631069377183,,-283.0
1692649631117669582,860,1692649631117669582,,4299.0
1692649631120013475,861,1692649631120013475,,1604.0
1692649631140341997,862,1692649631140341997,,-287.0
1692649631186225891,863,1692649631186225891,,4298.0
1692649631189392805,864,1692649631189392805,,1064.0
1692649631191756486,865,1692649631191756486,,4298.0
1692649631210423231,866,1692649631210423231,,-296.0
1692649631254108428,867,1692649631254108428,,4299.0
1692649631257428646,868,1692649631257428646,,1064.0
1692649631259954452,869,1692649631259954452,,-291.0
1692649631301333665,870,1692649631301333665,,4298.0
1692649631303502798,871,1692649631303502798,,1063.0
1692649631305794477,872,1692649631305794477,,-290.0
1692649631349006891,873,1692649631349006891,,4298.0
1692649631351075410,874,1692649631351075410,,1063.0
1692649631353064775,875,1692649631353064775,,-285.0
1692649631374964237,876,1692649631374964237,,4298.0
1692649631377855062,877,1692649631377855062,,1062.0
1692649631399191141,878,1692649631399191141,,-290.0
1692649631446437358,879,1692649631446437358,,4299.0
1692649631449379920,880,1692649631449379920,,1604.0
1692649631469321012,881,1692649631469321012,,-289.0
1692649631513989925,882,1692649631513989925,,4298.0
1692649631516839981,883,1692649631516839981,,1063.0
1692649631519552707,884,1692649631519552707,,4299.0
1692649631540685892,885,1692649631540685892,,-290.0
1692649631582192420,886,1692649631582192420,,4299.0
1692649631585304260,887,1692649631585304260,,1063.0
1692649631588441371,888,1692649631588441371,,-289.0
1692649631629812955,889,1692649631629812955,,4299.0
1692649631632275104,890,1692649631632275104,,1064.0
1692649631634342908,891,1692649631634342908,,-289.0
1692649631681359767,892,1692649631681359767,,4299.0
1692649631683999776,893,1692649631683999776,,1603.0
1692649631703724622,894,1692649631703724622,,-292.0
1692649631750439643,895,1692649631750439643,,4298.0
1692649631752803564,896,1692649631752803564,,1063.0
1692649631754987239,897,1692649631754987239,,4299.0
1692649631774429321,898,1692649631774429321,,-289.0
1692649631821568965,899,1692649631821568965,,4298.0
1692649631823871135,900,1692649631823871135,,1604.0
1692649631845063924,901,1692649631845063924,,-282.0
1692649631886348247,902,1692649631886348247,,4299.0
1692649631889118432,903,1692649631889118432,,1063.0
1692649631891256809,904,1692649631891256809,,-286.0
1692649631933954000,905,1692649631933954000,,4299.0
1692649631936341047,906,1692649631936341047,,1063.0
1692649631938203334,907,1692649631938203334,,-289.0
1692649631985835790,908,1692649631985835790,,4299.0
1692649631988217353,909,1692649631988217353,,1063.0
1692649631990909337,910,1692649631990909337,,4299.0
1692649632010363101,911,1692649632010363101,,-286.0
1692649632058152198,912,1692649632058152198,,4299.0
1692649632061569929,913,1692649632061569929,,1603.0
1692649632081087589,914,1692649632081087589,,-284.0
1692649632126053571,915,1692649632126053571,,4299.0
1692649632129004240,916,1692649632129004240,,1063.0
1692649632131689548,917,1692649632131689548,,4299.0
1692649632151627540,918,1692649632151627540,,-289.0
1692649632197899580,919,1692649632197899580,,4299.0
1692649632200323104,920,1692649632200323104,,1604.0
1692649632221018314,921,1692649632221018314,,-288.0
1692649632265413999,922,1692649632265413999,,4299.0
1692649632268309831,923,1692649632268309831,,1063.0
1692649632270908117,924,1692649632270908117,,-298.0
1692649632292226791,925,1692649632292226791,,4299.0
1692649632295441865,926,1692649632295441865,,1063.0
1692649632315341711,927,1692649632315341711,,-285.0
1692649632361960411,928,1692649632361960411,,4299.0
1692649632364729166,929,1692649632364729166,,1063.0
1692649632367339849,930,1692649632367339849,,4299.0
1692649632385647296,931,1692649632385647296,,-290.0
1692649632433902502,932,1692649632433902502,,4299.0
1692649632436752080,933,1692649632436752080,,1604.0
1692649632456253290,934,1692649632456253290,,-294.0
1692649632501457929,935,1692649632501457929,,4298.0
1692649632503883600,936,1692649632503883600,,1063.0
1692649632507050991,937,1692649632507050991,,4299.0
1692649632527239561,938,1692649632527239561,,-291.0
1692649632574119329,939,1692649632574119329,,4298.0
1692649632577140569,940,1692649632577140569,,1604.0
1692649632598058223,941,1692649632598058223,,-285.0
1692649632642334222,942,1692649632642334222,,4299.0
1692649632645688772,943,1692649632645688772,,1063.0
1692649632648259162,944,1692649632648259162,,4298.0
1692649632667756319,945,1692649632667756319,,-290.0
1692649632713872432,946,1692649632713872432,,4299.0
1692649632717154979,947,1692649632717154979,,1063.0
1692649632719783067,948,1692649632719783067,,4298.0
1692649632738289594,949,1692649632738289594,,-286.0
1692649632786274194,950,1692649632786274194,,4298.0
1692649632789066553,951,1692649632789066553,,1603.0
1692649632809007883,952,1692649632809007883,,-283.0
1692649632854462146,953,1692649632854462146,,4299.0
1692649632857426404,954,1692649632857426404,,1064.0
1692649632860098838,955,1692649632860098838,,4299.0
1692649632879261016,956,1692649632879261016,,-290.0
1692649632926005840,957,1692649632926005840,,4299.0
1692649632928599119,958,1692649632928599119,,1064.0
1692649632930810451,959,1692649632930810451,,4298.0
1692649632950267076,960,1692649632950267076,,-288.0
1692649632993698596,961,1692649632993698596,,4299.0
1692649632996819019,962,1692649632996819019,,1063.0
1692649632999401569,963,1692649632999401569,,-287.0
1692649633020517826,964,1692649633020517826,,4299.0
1692649633023284196,965,1692649633023284196,,1064.0
1692649633043893575,966,1692649633043893575,,-288.0
1692649633085885763,967,1692649633085885763,,4299.0
1692649633088657855,968,1692649633088657855,,1063.0
1692649633090915918,969,1692649633090915918,,-290.0
1692649633133948087,970,1692649633133948087,,4299.0
1692649633136938333,971,1692649633136938333,,1063.0
1692649633139750242,972,1692649633139750242,,-291.0
1692649633182143926,973,1692649633182143926,,4299.0
1692649633184942245,974,1692649633184942245,,1063.0
1692649633187794208,975,1692649633187794208,,4299.0
1692649633208310365,976,1692649633208310365,,-291.0
1692649633253782987,977,1692649633253782987,,4298.0
1692649633256247520,978,1692649633256247520,,1063.0
1692649633258356571,979,1692649633258356571,,4298.0
1692649633278284072,980,1692649633278284072,,-295.0
1692649633321606636,981,1692649633321606636,,4299.0
1692649633324470281,982,1692649633324470281,,1063.0
1692649633327229499,983,1692649633327229499,,-287.0
1692649633370049476,984,1692649633370049476,,4298.0
1692649633372863769,985,1692649633372863769,,1063.0
1692649633375234603,986,1692649633375234603,,4299.0
1692649633395822525,987,1692649633395822525,,-292.0
1692649633437262773,988,1692649633437262773,,4298.0
1692649633439873218,989,1692649633439873218,,1062.0
1692649633442517757,990,1692649633442517757,,-283.0
1692649633485091686,991,1692649633485091686,,4299.0
1692649633487629413,992,1692649633487629413,,1063.0
1692649633489726781,993,1692649633489726781,,-283.0
1692649633537616491,994,1692649633537616491,,4298.0
1692649633540183782,995,1692649633540183782,,1603.0
1692649633560866832,996,1692649633560866832,,-284.0
1692649633605929374,997,1692649633605929374,,4298.0
1692649633608605861,998,1692649633608605861,,1063.0
1692649633610926628,999,1692649633610926628,,4298.0
1692649633631897687,1000,1692649633631897687,,-288.0
1692649633677767515,1001,1692649633677767515,,4299.0
1692649633680113077,1002,1692649633680113077,,1063.0
1692649633682250976,1003,1692649633682250976,,4298.0
1692649633701269149,1004,1692649633701269149,,-296.0
1692649633749553203,1005,1692649633749553203,,4298.0
1692649633752710342,1006,1692649633752710342,,1603.0
1692649633772418260,1007,1692649633772418260,,-289.0
1692649633817861080,1008,1692649633817861080,,4299.0
1692649633820613622,1009,1692649633820613622,,1063.0
1692649633823456525,1010,1692649633823456525,,4299.0
1692649633843160867,1011,1692649633843160867,,-288.0
1692649633889958381,1012,1692649633889958381,,4298.0
1692649633892760038,1013,1692649633892760038,,1063.0
1692649633896425962,1014,1692649633896425962,,1603.0
1692649633913231849,1015,1692649633913231849,,-290.0
1692649633953841686,1016,1692649633953841686,,4298.0
1692649633956844091,1017,1692649633956844091,,1064.0
1692649633960112571,1018,1692649633960112571,,-292.0
1692649634006098985,1019,1692649634006098985,,4298.0
1692649634009170293,1020,1692649634009170293,,1063.0
1692649634011999130,1021,1692649634011999130,,4298.0
1692649634030970573,1022,1692649634030970573,,-293.0
1692649634078118324,1023,1692649634078118324,,4298.0
1692649634080076456,1024,1692649634080076456,,1063.0
1692649634082394838,1025,1692649634082394838,,1603.0
1692649634102437019,1026,1692649634102437019,,-286.0
1692649634146577835,1027,1692649634146577835,,4298.0
1692649634149235486,1028,1692649634149235486,,1063.0
1692649634151430845,1029,1692649634151430845,,4298.0
1692649634172091722,1030,1692649634172091722,,-285.0
1692649634213991641,1031,1692649634213991641,,4298.0
1692649634216782331,1032,1692649634216782331,,1063.0
1692649634219198465,1033,1692649634219198465,,-292.0
1692649634261496067,1034,1692649634261496067,,4298.0
1692649634263731479,1035,1692649634263731479,,1063.0
1692649634266678810,1036,1692649634266678810,,-282.0
1692649634309822559,1037,1692649634309822559,,4298.0
1692649634312452077,1038,1692649634312452077,,1063.0
1692649634315419912,1039,1692649634315419912,,-295.0
1692649634336538314,1040,1692649634336538314,,4298.0
1692649634338839769,1041,1692649634338839769,,1063.0
1692649634359626770,1042,1692649634359626770,,-288.0
1692649634405896186,1043,1692649634405896186,,4299.0
1692649634408284425,1044,1692649634408284425,,1063.0
1692649634410527944,1045,1692649634410527944,,4298.0
1692649634429797410,1046,1692649634429797410,,-290.0
1692649634477353334,1047,1692649634477353334,,4298.0
1692649634480259656,1048,1692649634480259656,,1603.0
1692649634500879287,1049,1692649634500879287,,-291.0
1692649634541763782,1050,1692649634541763782,,4299.0
1692649634544445276,1051,1692649634544445276,,1063.0
1692649634547719717,1052,1692649634547719717,,-287.0
1692649634589950799,1053,1692649634589950799,,4299.0
1692649634592861413,1054,1692649634592861413,,1063.0
1692649634595061540,1055,1692649634595061540,,-292.0
1692649634637435913,1056,1692649634637435913,,4298.0
1692649634640432834,1057,1692649634640432834,,1063.0
1692649634642616748,1058,1692649634642616748,,-284.0
1692649634686668395,1059,1692649634686668395,,4299.0
1692649634689237594,1060,1692649634689237594,,1063.0
1692649634691225290,1061,1692649634691225290,,4298.0
1692649634711921215,1062,1692649634711921215,,-286.0
1692649634757060527,1063,1692649634757060527,,4299.0
1692649634760204076,1064,1692649634760204076,,1063.0
1692649634763266801,1065,1692649634763266801,,4299.0
1692649634783047914,1066,1692649634783047914,,-289.0
1692649634828996896,1067,1692649634828996896,,4299.0
1692649634830793142,1068,1692649634830793142,,1063.0
1692649634832607984,1069,1692649634832607984,,1604.0
1692649634852419853,1070,1692649634852419853,,-292.0
1692649634897256135,1071,1692649634897256135,,4299.0
1692649634898890018,1072,1692649634898890018,,1063.0
1692649634900724649,1073,1692649634900724649,,-283.0
1692649634945090293,1074,1692649634945090293,,4299.0
1692649634947030067,1075,1692649634947030067,,1063.0
1692649634949090957,1076,1692649634949090957,,4299.0
1692649634970823764,1077,1692649634970823764,,-290.0
1692649635018094062,1078,1692649635018094062,,4299.0
1692649635021118402,1079,1692649635021118402,,1062.0
1692649635023828506,1080,1692649635023828506,,1604.0
1692649635041392326,1081,1692649635041392326,,-291.0
1692649635081880092,1082,1692649635081880092,,4299.0
1692649635084580898,1083,1692649635084580898,,1063.0
1692649635088148593,1084,1692649635088148593,,-287.0
1692649635133655309,1085,1692649635133655309,,4299.0
1692649635136723518,1086,1692649635136723518,,1063.0
1692649635138839006,1087,1692649635138839006,,4298.0
1692649635158785343,1088,1692649635158785343,,-293.0
1692649635202030897,1089,1692649635202030897,,4299.0
1692649635204948663,1090,1692649635204948663,,1063.0
1692649635207483530,1091,1692649635207483530,,-290.0
1692649635250039815,1092,1692649635250039815,,4299.0
1692649635252282857,1093,1692649635252282857,,1063.0
1692649635254066467,1094,1692649635254066467,,-283.0
1692649635275994539,1095,1692649635275994539,,4299.0
1692649635277968168,1096,1692649635277968168,,1063.0
1692649635299267530,1097,1692649635299267530,,-290.0
1692649635345334291,1098,1692649635345334291,,4299.0
1692649635347527503,1099,1692649635347527503,,1063.0
1692649635349626064,1100,1692649635349626064,,4299.0
1692649635370076179,1101,1692649635370076179,,-289.0
1692649635417549371,1102,1692649635417549371,,4299.0
1692649635419996500,1103,1692649635419996500,,1603.0
1692649635441117286,1104,1692649635441117286,,-291.0
1692649635486325025,1105,1692649635486325025,,4298.0
1692649635489198446,1106,1692649635489198446,,1062.0
1692649635491906881,1107,1692649635491906881,,4298.0
1692649635511348962,1108,1692649635511348962,,-296.0
1692649635557603359,1109,1692649635557603359,,4298.0
1692649635559861183,1110,1692649635559861183,,1063.0
1692649635561734437,1111,1692649635561734437,,4298.0
1692649635581453323,1112,1692649635581453323,,-286.0
1692649635629294157,1113,1692649635629294157,,4299.0
1692649635771625995,1114,1692649635771625995,,1604.0
1692649635773784160,1115,1692649635773784160,,-294.0
1692649635775754451,1116,1692649635775754451,,-21846.0
1692649635777531623,1117,1692649635777531623,,-219.0
1692649635792636394,1118,1692649635792636394,,-291.0
1692649635833751916,1119,1692649635833751916,,4298.0
1692649635836042642,1120,1692649635836042642,,1062.0
1692649635839547634,1121,1692649635839547634,,-299.0
1692649635881341457,1122,1692649635881341457,,4298.0
1692649635883528470,1123,1692649635883528470,,1063.0
1692649635886700391,1124,1692649635886700391,,-288.0
1692649635929184198,1125,1692649635929184198,,4298.0
1692649635931553363,1126,1692649635931553363,,1063.0
1692649635933825731,1127,1692649635933825731,,-291.0
1692649635982122182,1128,1692649635982122182,,4298.0
1692649635984557628,1129,1692649635984557628,,1604.0
1692649636004308462,1130,1692649636004308462,,-290.0
1692649636053123474,1131,1692649636053123474,,4298.0
1692649636056792736,1132,1692649636056792736,,1063.0
1692649636058803558,1133,1692649636058803558,,4298.0
1692649636074615001,1134,1692649636074615001,,-290.0
1692649636121080398,1135,1692649636121080398,,4298.0
1692649636123439788,1136,1692649636123439788,,1063.0
1692649636125529289,1137,1692649636125529289,,4298.0
1692649636145789384,1138,1692649636145789384,,-294.0
1692649636194203853,1139,1692649636194203853,,4299.0
1692649636197106361,1140,1692649636197106361,,1604.0
1692649636216609954,1141,1692649636216609954,,-291.0
1692649636263101339,1142,1692649636263101339,,4299.0
1692649636266456127,1143,1692649636266456127,,1063.0
1692649636268901109,1144,1692649636268901109,,4298.0
1692649636286899089,1145,1692649636286899089,,-289.0
1692649636329985857,1146,1692649636329985857,,4298.0
1692649636332191705,1147,1692649636332191705,,1063.0
1692649636334041595,1148,1692649636334041595,,-282.0
1692649636381728410,1149,1692649636381728410,,4298.0
1692649636383925437,1150,1692649636383925437,,1604.0
1692649636404542922,1151,1692649636404542922,,-290.0
1692649636445792913,1152,1692649636445792913,,4298.0
1692649636447838306,1153,1692649636447838306,,1063.0
1692649636450357675,1154,1692649636450357675,,-284.0
1692649636493481397,1155,1692649636493481397,,4298.0
1692649636495827436,1156,1692649636495827436,,1063.0
1692649636498119592,1157,1692649636498119592,,-280.0
1692649636541348695,1158,1692649636541348695,,4298.0
1692649636544154405,1159,1692649636544154405,,1063.0
1692649636546869277,1160,1692649636546869277,,-289.0
1692649636589958429,1161,1692649636589958429,,4298.0
1692649636592496633,1162,1692649636592496633,,1063.0
1692649636594722986,1163,1692649636594722986,,4298.0
1692649636616016149,1164,1692649636616016149,,-289.0
1692649636657780885,1165,1692649636657780885,,4298.0
1692649636660486459,1166,1692649636660486459,,1063.0
1692649636662750482,1167,1692649636662750482,,-285.0
1692649636705360651,1168,1692649636705360651,,4298.0
1692649636707625627,1169,1692649636707625627,,1064.0
1692649636710368394,1170,1692649636710368394,,-291.0
1692649636758835554,1171,1692649636758835554,,4298.0
1692649636762606143,1172,1692649636762606143,,1604.0
1692649636780814886,1173,1692649636780814886,,-289.0
1692649636825999259,1174,1692649636825999259,,4298.0
1692649636828376293,1175,1692649636828376293,,1063.0
1692649636830699682,1176,1692649636830699682,,4298.0
1692649636850453615,1177,1692649636850453615,,-282.0
1692649636893469810,1178,1692649636893469810,,4298.0
1692649636895999193,1179,1692649636895999193,,1064.0
1692649636898002862,1180,1692649636898002862,,-292.0
1692649636946028709,1181,1692649636946028709,,4298.0
1692649636948405027,1182,1692649636948405027,,1604.0
1692649636968483924,1183,1692649636968483924,,-291.0
1692649637013523101,1184,1692649637013523101,,4299.0
1692649637016128063,1185,1692649637016128063,,1063.0
1692649637018243551,1186,1692649637018243551,,4298.0
1692649637038345575,1187,1692649637038345575,,-288.0
1692649637085411310,1188,1692649637085411310,,4298.0
1692649637087569236,1189,1692649637087569236,,1063.0
1692649637089608192,1190,1692649637089608192,,1604.0
1692649637108814239,1191,1692649637108814239,,-290.0
1692649637153217315,1192,1692649637153217315,,4299.0
1692649637156488895,1193,1692649637156488895,,1064.0
1692649637158755302,1194,1692649637158755302,,-287.0
1692649637201985359,1195,1692649637201985359,,4298.0
1692649637204391479,1196,1692649637204391479,,1063.0
1692649637206607818,1197,1692649637206607818,,4298.0
1692649637226451873,1198,1692649637226451873,,-283.0
1692649637270118951,1199,1692649637270118951,,4298.0
1692649637273126602,1200,1692649637273126602,,1063.0
1692649637275797843,1201,1692649637275797843,,-293.0
1692649637318002223,1202,1692649637318002223,,4298.0
1692649637320250034,1203,1692649637320250034,,1063.0
1692649637322529554,1204,1692649637322529554,,-286.0
1692649637344001770,1205,1692649637344001770,,4298.0
1692649637346823453,1206,1692649637346823453,,1064.0
1692649637368090391,1207,1692649637368090391,,-289.0
1692649637414167404,1208,1692649637414167404,,4299.0
1692649637416984319,1209,1692649637416984319,,1063.0
1692649637419350385,1210,1692649637419350385,,4298.0
1692649637438127040,1211,1692649637438127040,,-287.0
1692649637481944084,1212,1692649637481944084,,4298.0
1692649637484243392,1213,1692649637484243392,,1063.0
1692649637486269474,1214,1692649637486269474,,-290.0
1692649637525408983,1215,1692649637525408983,,4298.0
1692649637527532100,1216,1692649637527532100,,1063.0
1692649637531866788,1217,1692649637531866788,,-281.0
1692649637573423862,1218,1692649637573423862,,4298.0
1692649637576027393,1219,1692649637576027393,,1063.0
1692649637578610181,1220,1692649637578610181,,-282.0
1692649637621333599,1221,1692649637621333599,,4298.0
1692649637624267101,1222,1692649637624267101,,1064.0
1692649637626795053,1223,1692649637626795053,,-290.0
1692649637669531583,1224,1692649637669531583,,4298.0
1692649637671892166,1225,1692649637671892166,,1064.0
1692649637674128293,1226,1692649637674128293,,-289.0
1692649637718073606,1227,1692649637718073606,,4298.0
1692649637721106767,1228,1692649637721106767,,1063.0
1692649637723580837,1229,1692649637723580837,,4298.0
1692649637744086265,1230,1692649637744086265,,-293.0
1692649637790606260,1231,1692649637790606260,,4298.0
1692649637793531179,1232,1692649637793531179,,1064.0
1692649637796373605,1233,1692649637796373605,,4299.0
1692649637814536333,1234,1692649637814536333,,-284.0
1692649637861865043,1235,1692649637861865043,,4298.0
1692649637864341497,1236,1692649637864341497,,1603.0
1692649637884450197,1237,1692649637884450197,,-287.0
1692649637929297924,1238,1692649637929297924,,4299.0
1692649637932563304,1239,1692649637932563304,,1063.0
1692649637934262275,1240,1692649637934262275,,4299.0
1692649637955513238,1241,1692649637955513238,,-289.0
1692649637997837781,1242,1692649637997837781,,4299.0
1692649638001350879,1243,1692649638001350879,,1063.0
1692649638003988504,1244,1692649638003988504,,-291.0
1692649638050203561,1245,1692649638050203561,,4299.0
1692649638053089141,1246,1692649638053089141,,1602.0
1692649638073145389,1247,1692649638073145389,,-287.0
1692649638117918252,1248,1692649638117918252,,4298.0
1692649638120505571,1249,1692649638120505571,,1064.0
1692649638122846603,1250,1692649638122846603,,4298.0
1692649638143460512,1251,1692649638143460512,,-290.0
1692649638186007738,1252,1692649638186007738,,4298.0
1692649638188469171,1253,1692649638188469171,,1064.0
1692649638189862966,1254,1692649638189862966,,-283.0
1692649638233783960,1255,1692649638233783960,,4298.0
1692649638236857652,1256,1692649638236857652,,1063.0
1692649638239475488,1257,1692649638239475488,,-286.0
1692649638283459186,1258,1692649638283459186,,4299.0
1692649638287120819,1259,1692649638287120819,,1064.0
1692649638289908885,1260,1692649638289908885,,4298.0
1692649638308025360,1261,1692649638308025360,,-288.0
1692649638353827953,1262,1692649638353827953,,4298.0
1692649638356599807,1263,1692649638356599807,,1064.0
1692649638359469413,1264,1692649638359469413,,4298.0
1692649638378545045,1265,1692649638378545045,,-287.0
1692649638421777486,1266,1692649638421777486,,4298.0
1692649638424807310,1267,1692649638424807310,,1064.0
1692649638427652835,1268,1692649638427652835,,-288.0
1692649638469830989,1269,1692649638469830989,,4298.0
1692649638472550392,1270,1692649638472550392,,1064.0
1692649638474909543,1271,1692649638474909543,,4298.0
1692649638495894193,1272,1692649638495894193,,-285.0
1692649638541680335,1273,1692649638541680335,,4299.0
1692649638544597387,1274,1692649638544597387,,1063.0
1692649638547322511,1275,1692649638547322511,,4298.0
1692649638566323518,1276,1692649638566323518,,-294.0
1692649638609298467,1277,1692649638609298467,,4299.0
1692649638611487627,1278,1692649638611487627,,1063.0
1692649638613393068,1279,1692649638613393068,,-295.0
1692649638657454729,1280,1692649638657454729,,4298.0
1692649638659654617,1281,1692649638659654617,,1064.0
1692649638661487102,1282,1692649638661487102,,-286.0
1692649638685350179,1283,1692649638685350179,,4299.0
1692649638688290119,1284,1692649638688290119,,1064.0
1692649638708173751,1285,1692649638708173751,,-294.0
1692649638750451087,1286,1692649638750451087,,4299.0
1692649638753298521,1287,1692649638753298521,,1064.0
1692649638755785703,1288,1692649638755785703,,-288.0
1692649638798118829,1289,1692649638798118829,,4298.0
1692649638800814151,1290,1692649638800814151,,1064.0
1692649638803162336,1291,1692649638803162336,,-289.0
1692649638841512203,1292,1692649638841512203,,4299.0
1692649638843723058,1293,1692649638843723058,,1064.0
1692649638847831726,1294,1692649638847831726,,-286.0
1692649638889318943,1295,1692649638889318943,,4298.0
1692649638891516685,1296,1692649638891516685,,1064.0
1692649638894834995,1297,1692649638894834995,,-292.0
1692649638941657781,1298,1692649638941657781,,4298.0
1692649638944212198,1299,1692649638944212198,,1064.0
1692649638946884870,1300,1692649638946884870,,4298.0
1692649638966298818,1301,1692649638966298818,,-293.0
1692649639010295867,1302,1692649639010295867,,4298.0
1692649639013178110,1303,1692649639013178110,,1064.0
1692649639016537189,1304,1692649639016537189,,4299.0
1692649639036287069,1305,1692649639036287069,,-291.0
1692649639081362724,1306,1692649639081362724,,4299.0
1692649639083754062,1307,1692649639083754062,,1063.0
1692649639086105823,1308,1692649639086105823,,4299.0
1692649639106466054,1309,1692649639106466054,,-290.0
1692649639149995088,1310,1692649639149995088,,4298.0
1692649639152318239,1311,1692649639152318239,,1064.0
1692649639154337644,1312,1692649639154337644,,-292.0
1692649639201530456,1313,1692649639201530456,,4299.0
1692649639203885316,1314,1692649639203885316,,1603.0
1692649639224662065,1315,1692649639224662065,,-288.0
1692649639270090103,1316,1692649639270090103,,4299.0
1692649639272864818,1317,1692649639272864818,,1063.0
1692649639275611877,1318,1692649639275611877,,4298.0
1692649639296035766,1319,1692649639296035766,,-289.0
1692649639342204570,1320,1692649639342204570,,4299.0
1692649639345135211,1321,1692649639345135211,,1063.0
1692649639347613096,1322,1692649639347613096,,1603.0
1692649639365459442,1323,1692649639365459442,,-294.0
1692649639409567832,1324,1692649639409567832,,4299.0
1692649639411854505,1325,1692649639411854505,,1063.0
1692649639413818597,1326,1692649639413818597,,-289.0
1692649639435672283,1327,1692649639435672283,,4299.0
1692649639437759399,1328,1692649639437759399,,1063.0
1692649639458920478,1329,1692649639458920478,,-288.0
1692649639505627393,1330,1692649639505627393,,4298.0
1692649639508655309,1331,1692649639508655309,,1064.0
1692649639511396408,1332,1692649639511396408,,4298.0
1692649639530111789,1333,1692649639530111789,,-286.0
1692649639578086614,1334,1692649639578086614,,4298.0
1692649639581637144,1335,1692649639581637144,,1602.0
1692649639600662469,1336,1692649639600662469,,-290.0
1692649639641783952,1337,1692649639641783952,,4298.0
1692649639644292116,1338,1692649639644292116,,1063.0
1692649639647536993,1339,1692649639647536993,,-293.0
1692649639693913698,1340,1692649639693913698,,4298.0
1692649639697079896,1341,1692649639697079896,,1063.0
1692649639699424743,1342,1692649639699424743,,4298.0
1692649639718034505,1343,1692649639718034505,,-289.0
1692649639761743783,1344,1692649639761743783,,4297.0
1692649639764768838,1345,1692649639764768838,,1063.0
1692649639768248319,1346,1692649639768248319,,-289.0
1692649639810015678,1347,1692649639810015678,,4298.0
1692649639811990737,1348,1692649639811990737,,1063.0
1692649639814881801,1349,1692649639814881801,,4298.0
1692649639836073160,1350,1692649639836073160,,-290.0
1692649639882026195,1351,1692649639882026195,,4298.0
1692649639885221958,1352,1692649639885221958,,1063.0
1692649639887631416,1353,1692649639887631416,,4298.0
1692649639905570507,1354,1692649639905570507,,-294.0
1692649639952887296,1355,1692649639952887296,,4298.0
1692649639954618692,1356,1692649639954618692,,1603.0
1692649639975776433,1357,1692649639975776433,,-285.0
1692649640017326593,1358,1692649640017326593,,4298.0
1692649640019089937,1359,1692649640019089937,,1063.0
1692649640022556304,1360,1692649640022556304,,-286.0
1692649640065418720,1361,1692649640065418720,,4298.0
1692649640067334890,1362,1692649640067334890,,1063.0
1692649640069516897,1363,1692649640069516897,,-283.0
1692649640113864660,1364,1692649640113864660,,4298.0
1692649640116828441,1365,1692649640116828441,,1063.0
1692649640119542837,1366,1692649640119542837,,-294.0
1692649640165983676,1367,1692649640165983676,,4299.0
1692649640169628858,1368,1692649640169628858,,1603.0
1692649640187195301,1369,1692649640187195301,,-286.0
1692649640229260206,1370,1692649640229260206,,4299.0
1692649640231538534,1371,1692649640231538534,,1063.0
1692649640234364271,1372,1692649640234364271,,-293.0
1692649640277038097,1373,1692649640277038097,,4298.0
1692649640278678178,1374,1692649640278678178,,1064.0
1692649640281225681,1375,1692649640281225681,,-297.0
1692649640330312967,1376,1692649640330312967,,4298.0
1692649640333683729,1377,1692649640333683729,,1603.0
1692649640352399110,1378,1692649640352399110,,-293.0
1692649640393454074,1379,1692649640393454074,,4298.0
1692649640396654129,1380,1692649640396654129,,1063.0
1692649640399459600,1381,1692649640399459600,,-288.0
1692649640441643476,1382,1692649640441643476,,4298.0
1692649640444027900,1383,1692649640444027900,,1062.0
1692649640446166515,1384,1692649640446166515,,-289.0
1692649640489461660,1385,1692649640489461660,,4298.0
1692649640492028236,1386,1692649640492028236,,1063.0
1692649640494404792,1387,1692649640494404792,,-284.0
1692649640537849426,1388,1692649640537849426,,4298.0
1692649640540714502,1389,1692649640540714502,,1063.0
1692649640542939662,1390,1692649640542939662,,4298.0
1692649640563955307,1391,1692649640563955307,,-290.0
1692649640605639934,1392,1692649640605639934,,4298.0
1692649640607846975,1393,1692649640607846975,,1063.0
1692649640610222339,1394,1692649640610222339,,-287.0
1692649640785480737,1395,1692649640785480737,,4298.0
1692649640788061618,1396,1692649640788061618,,1063.0
1692649640791363954,1397,1692649640791363954,,-21846.0
1692649640793409824,1398,1692649640793409824,,70.0
1692649640798021554,1399,1692649640798021554,,-285.0
1692649640841232299,1400,1692649640841232299,,4298.0
1692649640843343734,1401,1692649640843343734,,1063.0
1692649640845386743,1402,1692649640845386743,,-294.0
1692649640889308929,1403,1692649640889308929,,4299.0
1692649640892179489,1404,1692649640892179489,,1063.0
1692649640894578933,1405,1692649640894578933,,-286.0
1692649640937343120,1406,1692649640937343120,,4298.0
1692649640939909696,1407,1692649640939909696,,1063.0
1692649640942366123,1408,1692649640942366123,,-293.0
1692649640963257074,1409,1692649640963257074,,4298.0
1692649640967277050,1410,1692649640967277050,,1063.0
1692649640987294197,1411,1692649640987294197,,-286.0
1692649641030284643,1412,1692649641030284643,,4298.0
1692649641032885313,1413,1692649641032885313,,1063.0
1692649641035308599,1414,1692649641035308599,,-287.0
1692649641077377557,1415,1692649641077377557,,4298.0
1692649641079686164,1416,1692649641079686164,,1063.0
1692649641081453084,1417,1692649641081453084,,-289.0
1692649641121381044,1418,1692649641121381044,,4299.0
1692649641123409748,1419,1692649641123409748,,1063.0
1692649641127473831,1420,1692649641127473831,,-283.0
1692649641169945716,1421,1692649641169945716,,4298.0
1692649641172507286,1422,1692649641172507286,,1063.0
1692649641174639701,1423,1692649641174639701,,-283.0
1692649641221322059,1424,1692649641221322059,,4298.0
1692649641223792791,1425,1692649641223792791,,1063.0
1692649641225867509,1426,1692649641225867509,,4298.0
1692649641245187044,1427,1692649641245187044,,-289.0
1692649641290082931,1428,1692649641290082931,,4298.0
1692649641293048381,1429,1692649641293048381,,1063.0
1692649641295492410,1430,1692649641295492410,,4298.0
1692649641316300868,1431,1692649641316300868,,-287.0
1692649641357928276,1432,1692649641357928276,,4299.0
1692649641360607862,1433,1692649641360607862,,1063.0
1692649641363052845,1434,1692649641363052845,,-290.0
1692649641405936479,1435,1692649641405936479,,4299.0
1692649641408585309,1436,1692649641408585309,,1063.0
1692649641410989522,1437,1692649641410989522,,-290.0
1692649641453771591,1438,1692649641453771591,,4298.0
1692649641456630468,1439,1692649641456630468,,1063.0
1692649641459407091,1440,1692649641459407091,,-287.0
1692649641501815319,1441,1692649641501815319,,4298.0
1692649641504115343,1442,1692649641504115343,,1063.0
1692649641507097005,1443,1692649641507097005,,4299.0
1692649641527671337,1444,1692649641527671337,,-286.0
1692649641569807291,1445,1692649641569807291,,4299.0
1692649641572431325,1446,1692649641572431325,,1063.0
1692649641574919939,1447,1692649641574919939,,-285.0
1692649641617804288,1448,1692649641617804288,,4299.0
1692649641620486259,1449,1692649641620486259,,1063.0
1692649641622767925,1450,1692649641622767925,,-293.0
1692649641665359020,1451,1692649641665359020,,4299.0
1692649641668339014,1452,1692649641668339014,,1062.0
1692649641670494794,1453,1692649641670494794,,-287.0
1692649641713185071,1454,1692649641713185071,,4299.0
1692649641715469360,1455,1692649641715469360,,1063.0
1692649641717465162,1456,1692649641717465162,,4299.0
1692649641738469123,1457,1692649641738469123,,-291.0
1692649641785528182,1458,1692649641785528182,,4298.0
1692649641787691116,1459,1692649641787691116,,1063.0
1692649641790543794,1460,1692649641790543794,,4298.0
1692649641810388565,1461,1692649641810388565,,-287.0
1692649641853624582,1462,1692649641853624582,,4299.0
1692649641857062578,1463,1692649641857062578,,1062.0
1692649641859877824,1464,1692649641859877824,,-293.0
1692649641880087375,1465,1692649641880087375,,4298.0
1692649641882239580,1466,1692649641882239580,,1062.0
1692649641903809785,1467,1692649641903809785,,-290.0
1692649641945856809,1468,1692649641945856809,,4299.0
1692649641948149442,1469,1692649641948149442,,1062.0
1692649641950632810,1470,1692649641950632810,,-288.0
1692649641994119405,1471,1692649641994119405,,4300.0
1692649641997005462,1472,1692649641997005462,,1063.0
1692649641999959945,1473,1692649641999959945,,-284.0
1692649642042313575,1474,1692649642042313575,,4299.0
1692649642045962810,1475,1692649642045962810,,1062.0
1692649642049249649,1476,1692649642049249649,,4300.0
1692649642068200588,1477,1692649642068200588,,-288.0
1692649642113708257,1478,1692649642113708257,,4299.0
1692649642116483926,1479,1692649642116483926,,1063.0
1692649642119421958,1480,1692649642119421958,,4299.0
1692649642138638019,1481,1692649642138638019,,-295.0
1692649642181659698,1482,1692649642181659698,,4299.0
1692649642185170888,1483,1692649642185170888,,1062.0
1692649642187912702,1484,1692649642187912702,,-287.0
1692649642229823350,1485,1692649642229823350,,4299.0
1692649642232458591,1486,1692649642232458591,,1062.0
1692649642234683036,1487,1692649642234683036,,4299.0
1692649642255759716,1488,1692649642255759716,,-289.0
1692649642297103404,1489,1692649642297103404,,4299.0
1692649642299048900,1490,1692649642299048900,,1063.0
1692649642302452802,1491,1692649642302452802,,-290.0
1692649642346611022,1492,1692649642346611022,,4299.0
1692649642349585056,1493,1692649642349585056,,1063.0
1692649642352451324,1494,1692649642352451324,,-287.0
1692649642394121170,1495,1692649642394121170,,4300.0
1692649642397162437,1496,1692649642397162437,,1063.0
1692649642399943113,1497,1692649642399943113,,4300.0
1692649642420681953,1498,1692649642420681953,,-283.0
1692649642465855121,1499,1692649642465855121,,4299.0
1692649642468717098,1500,1692649642468717098,,1063.0
1692649642471496343,1501,1692649642471496343,,4299.0
1692649642491151571,1502,1692649642491151571,,-284.0
1692649642534299373,1503,1692649642534299373,,4299.0
1692649642538069486,1504,1692649642538069486,,1063.0
1692649642540405750,1505,1692649642540405750,,-292.0
1692649642561316967,1506,1692649642561316967,,4299.0
1692649642563441753,1507,1692649642563441753,,1063.0
1692649642584870815,1508,1692649642584870815,,-288.0
1692649642629366636,1509,1692649642629366636,,4299.0
1692649642631415128,1510,1692649642631415128,,1063.0
1692649642633279085,1511,1692649642633279085,,-285.0
1692649642655261754,1512,1692649642655261754,,4300.0
1692649642657820940,1513,1692649642657820940,,1063.0
1692649642679206132,1514,1692649642679206132,,-289.0
1692649642725424051,1515,1692649642725424051,,4299.0
1692649642727491140,1516,1692649642727491140,,1063.0
1692649642730441331,1517,1692649642730441331,,4299.0
1692649642749997377,1518,1692649642749997377,,-289.0
1692649642798161983,1519,1692649642798161983,,4299.0
1692649642801017284,1520,1692649642801017284,,1603.0
1692649642820903778,1521,1692649642820903778,,-282.0
1692649642862307310,1522,1692649642862307310,,4299.0
1692649642865107774,1523,1692649642865107774,,1063.0
1692649642867746829,1524,1692649642867746829,,-293.0
1692649642913037300,1525,1692649642913037300,,4299.0
1692649642914704084,1526,1692649642914704084,,1062.0
1692649642916773796,1527,1692649642916773796,,4299.0
1692649642937758684,1528,1692649642937758684,,-293.0
1692649642981556892,1529,1692649642981556892,,4299.0
1692649642984105110,1530,1692649642984105110,,1063.0
1692649642987150669,1531,1692649642987150669,,-293.0
1692649643030239820,1532,1692649643030239820,,4299.0
1692649643033079862,1533,1692649643033079862,,1063.0
1692649643036305427,1534,1692649643036305427,,4299.0
1692649643055323839,1535,1692649643055323839,,-284.0
1692649643101408481,1536,1692649643101408481,,4299.0
1692649643103891849,1537,1692649643103891849,,1063.0
1692649643106000900,1538,1692649643106000900,,4299.0
1692649643125904798,1539,1692649643125904798,,-285.0
1692649643174642086,1540,1692649643174642086,,4299.0
1692649643176834344,1541,1692649643176834344,,1603.0
1692649643196319341,1542,1692649643196319341,,-286.0
1692649643241746187,1543,1692649643241746187,,4299.0
1692649643244153499,1544,1692649643244153499,,1062.0
1692649643247374296,1545,1692649643247374296,,4299.0
1692649643266871213,1546,1692649643266871213,,-293.0
1692649643309957265,1547,1692649643309957265,,4299.0
1692649643312345027,1548,1692649643312345027,,1063.0
1692649643314350605,1549,1692649643314350605,,-286.0
1692649643358070373,1550,1692649643358070373,,4299.0
1692649643360450267,1551,1692649643360450267,,1063.0
1692649643362458705,1552,1692649643362458705,,4299.0
1692649643383796453,1553,1692649643383796453,,-296.0
1692649643425899028,1554,1692649643425899028,,4299.0
1692649643429067850,1555,1692649643429067850,,1063.0
1692649643431631803,1556,1692649643431631803,,-288.0
1692649643478139400,1557,1692649643478139400,,4299.0
1692649643481250047,1558,1692649643481250047,,1063.0
1692649643483900785,1559,1692649643483900785,,4299.0
1692649643501032114,1560,1692649643501032114,,-291.0
1692649643548983573,1561,1692649643548983573,,4299.0
1692649643550716876,1562,1692649643550716876,,1603.0
1692649643571649789,1563,1692649643571649789,,-286.0
1692649643616930723,1564,1692649643616930723,,4298.0
1692649643618849039,1565,1692649643618849039,,1063.0
1692649643620565176,1566,1692649643620565176,,4299.0
1692649643641965150,1567,1692649643641965150,,-289.0
1692649643690320014,1568,1692649643690320014,,4299.0
1692649643692891597,1569,1692649643692891597,,1602.0
1692649643712976455,1570,1692649643712976455,,-286.0
1692649643753389596,1571,1692649643753389596,,4299.0
1692649643755361557,1572,1692649643755361557,,1063.0
1692649643759434700,1573,1692649643759434700,,-293.0
1692649643806246757,1574,1692649643806246757,,4299.0
1692649643809177875,1575,1692649643809177875,,1063.0
1692649643811914205,1576,1692649643811914205,,4299.0
1692649643830784797,1577,1692649643830784797,,-290.0
1692649643878475189,1578,1692649643878475189,,4299.0
1692649643880957841,1579,1692649643880957841,,1602.0
1692649643900786399,1580,1692649643900786399,,-283.0
1692649643946174621,1581,1692649643946174621,,4299.0
1692649643949481725,1582,1692649643949481725,,1062.0
1692649643951788187,1583,1692649643951788187,,4299.0
1692649643971440792,1584,1692649643971440792,,-285.0
1692649644017576932,1585,1692649644017576932,,4298.0
1692649644020793437,1586,1692649644020793437,,1063.0
1692649644023347139,1587,1692649644023347139,,4299.0
1692649644041996240,1588,1692649644041996240,,-291.0
1692649644090047121,1589,1692649644090047121,,4299.0
1692649644092283725,1590,1692649644092283725,,1603.0
1692649644112210988,1591,1692649644112210988,,-286.0
1692649644157295942,1592,1692649644157295942,,4299.0
1692649644159301042,1593,1692649644159301042,,1063.0
1692649644161418437,1594,1692649644161418437,,4299.0
1692649644182278633,1595,1692649644182278633,,-290.0
1692649644229483842,1596,1692649644229483842,,4299.0
1692649644231697559,1597,1692649644231697559,,1063.0
1692649644234040737,1598,1692649644234040737,,4299.0
1692649644253930807,1599,1692649644253930807,,-286.0
1692649644298052549,1600,1692649644298052549,,4298.0
1692649644300868034,1601,1692649644300868034,,1063.0
1692649644303258180,1602,1692649644303258180,,4299.0
1692649644323777198,1603,1692649644323777198,,-286.0
1692649644370142936,1604,1692649644370142936,,4299.0
1692649644373118162,1605,1692649644373118162,,1063.0
1692649644376822233,1606,1692649644376822233,,4298.0
1692649644395089387,1607,1692649644395089387,,-294.0
1692649644441778421,1608,1692649644441778421,,4299.0
1692649644444461107,1609,1692649644444461107,,1603.0
1692649644465561151,1610,1692649644465561151,,-286.0
1692649644509997844,1611,1692649644509997844,,4299.0
1692649644512271642,1612,1692649644512271642,,1063.0
1692649644514538288,1613,1692649644514538288,,4299.0
1692649644535323858,1614,1692649644535323858,,-286.0
1692649644581589460,1615,1692649644581589460,,4299.0
1692649644583610773,1616,1692649644583610773,,1063.0
1692649644588283538,1617,1692649644588283538,,4299.0
1692649644606414794,1618,1692649644606414794,,-289.0
1692649644654033184,1619,1692649644654033184,,4299.0
1692649644656797885,1620,1692649644656797885,,1603.0
1692649644676776647,1621,1692649644676776647,,-291.0
1692649644717796564,1622,1692649644717796564,,4299.0
1692649644720605611,1623,1692649644720605611,,1063.0
1692649644723428726,1624,1692649644723428726,,-282.0
1692649644765762567,1625,1692649644765762567,,4299.0
1692649644768443822,1626,1692649644768443822,,1063.0
1692649644770958900,1627,1692649644770958900,,-288.0
1692649644813343286,1628,1692649644813343286,,4299.0
1692649644815397977,1629,1692649644815397977,,1063.0
1692649644817179441,1630,1692649644817179441,,-291.0
1692649644862273454,1631,1692649644862273454,,4299.0
1692649644864925146,1632,1692649644864925146,,1063.0
1692649644867077589,1633,1692649644867077589,,4299.0
1692649644888243675,1634,1692649644888243675,,-286.0
1692649644933287620,1635,1692649644933287620,,4298.0
1692649644936369657,1636,1692649644936369657,,1063.0
1692649644939194202,1637,1692649644939194202,,4299.0
1692649644958808660,1638,1692649644958808660,,-285.0
1692649645006097555,1639,1692649645006097555,,4299.0
1692649645008550643,1640,1692649645008550643,,1602.0
1692649645028743028,1641,1692649645028743028,,-286.0
1692649645069178819,1642,1692649645069178819,,4299.0
1692649645071340799,1643,1692649645071340799,,1063.0
1692649645075180292,1644,1692649645075180292,,-289.0
1692649645120959758,1645,1692649645120959758,,4299.0
1692649645122549295,1646,1692649645122549295,,1063.0
1692649645124525070,1647,1692649645124525070,,4299.0
1692649645145882129,1648,1692649645145882129,,-290.0
1692649645189232826,1649,1692649645189232826,,4298.0
1692649645191331624,1650,1692649645191331624,,1063.0
1692649645193535566,1651,1692649645193535566,,-288.0
1692649645237892866,1652,1692649645237892866,,4299.0
1692649645240362167,1653,1692649645240362167,,1063.0
1692649645242474794,1654,1692649645242474794,,-288.0
1692649645264087200,1655,1692649645264087200,,4299.0
1692649645266318321,1656,1692649645266318321,,1063.0
1692649645287201166,1657,1692649645287201166,,-291.0
1692649645333179473,1658,1692649645333179473,,4298.0
1692649645336370706,1659,1692649645336370706,,1063.0
1692649645339278936,1660,1692649645339278936,,4299.0
1692649645358534812,1661,1692649645358534812,,-291.0
1692649645401870012,1662,1692649645401870012,,4299.0
1692649645404695749,1663,1692649645404695749,,1064.0
1692649645406757831,1664,1692649645406757831,,-285.0
1692649645449543237,1665,1692649645449543237,,4299.0
1692649645451908588,1666,1692649645451908588,,1063.0
1692649645453725099,1667,1692649645453725099,,-289.0
1692649645475635051,1668,1692649645475635051,,4299.0
1692649645477921009,1669,1692649645477921009,,1063.0
1692649645498805761,1670,1692649645498805761,,-289.0
1692649645541413545,1671,1692649645541413545,,4299.0
1692649645543900489,1672,1692649645543900489,,1063.0
1692649645545739889,1673,1692649645545739889,,-288.0
1692649645589736700,1674,1692649645589736700,,4299.0
1692649645592162370,1675,1692649645592162370,,1062.0
1692649645593870878,1676,1692649645593870878,,-290.0
1692649645637608528,1677,1692649645637608528,,4299.0
1692649645640028953,1678,1692649645640028953,,1063.0
1692649645642945528,1679,1692649645642945528,,4299.0
1692649645663911342,1680,1692649645663911342,,-288.0
1692649645709899425,1681,1692649645709899425,,4299.0
1692649645712428092,1682,1692649645712428092,,1063.0
1692649645714538574,1683,1692649645714538574,,4299.0
1692649645733712673,1684,1692649645733712673,,-286.0
1692649645781148433,1685,1692649645781148433,,4298.0
1692649645784098386,1686,1692649645784098386,,1603.0
1692649645805024623,1687,1692649645805024623,,-286.0
1692649645849978208,1688,1692649645849978208,,4299.0
1692649645852816581,1689,1692649645852816581,,1063.0
1692649645855140686,1690,1692649645855140686,,4299.0
1692649645875869750,1691,1692649645875869750,,-290.0
1692649645917612075,1692,1692649645917612075,,4299.0
1692649645919831752,1693,1692649645919831752,,1063.0
1692649645921935319,1694,1692649645921935319,,-290.0
1692649645965528726,1695,1692649645965528726,,4298.0
1692649645968113183,1696,1692649645968113183,,1063.0
1692649645970067977,1697,1692649645970067977,,-280.0
1692649646013598680,1698,1692649646013598680,,4299.0
1692649646016045808,1699,1692649646016045808,,1062.0
1692649646018402576,1700,1692649646018402576,,-289.0
1692649646040155172,1701,1692649646040155172,,4299.0
1692649646043294191,1702,1692649646043294191,,1063.0
1692649646063420057,1703,1692649646063420057,,-287.0
1692649646110085964,1704,1692649646110085964,,4299.0
1692649646112554788,1705,1692649646112554788,,1062.0
1692649646114674091,1706,1692649646114674091,,4299.0
1692649646133075475,1707,1692649646133075475,,-293.0
1692649646181062221,1708,1692649646181062221,,4299.0
1692649646183233261,1709,1692649646183233261,,1602.0
1692649646203771591,1710,1692649646203771591,,-292.0
1692649646249719858,1711,1692649646249719858,,4299.0
1692649646251935243,1712,1692649646251935243,,1062.0
1692649646254007101,1713,1692649646254007101,,4299.0
1692649646274256944,1714,1692649646274256944,,-288.0
1692649646321370601,1715,1692649646321370601,,4299.0
1692649646323479652,1716,1692649646323479652,,1063.0
1692649646326261281,1717,1692649646326261281,,1602.0
1692649646345431327,1718,1692649646345431327,,-287.0
1692649646390134572,1719,1692649646390134572,,4299.0
1692649646392943382,1720,1692649646392943382,,1063.0
1692649646396124362,1721,1692649646396124362,,4298.0
1692649646416860818,1722,1692649646416860818,,-290.0
1692649646458183050,1723,1692649646458183050,,4299.0
1692649646461321115,1724,1692649646461321115,,1062.0
1692649646463601827,1725,1692649646463601827,,-292.0
1692649646506789207,1726,1692649646506789207,,4299.0
1692649646510360240,1727,1692649646510360240,,1062.0
1692649646513087034,1728,1692649646513087034,,-287.0
1692649646533494234,1729,1692649646533494234,,4298.0
1692649646535979032,1730,1692649646535979032,,1063.0
1692649646556434154,1731,1692649646556434154,,-288.0
1692649646597438097,1732,1692649646597438097,,4298.0
1692649646600320816,1733,1692649646600320816,,1063.0
1692649646603635549,1734,1692649646603635549,,-287.0
1692649646646236181,1735,1692649646646236181,,4298.0
1692649646649191856,1736,1692649646649191856,,1063.0
1692649646652071237,1737,1692649646652071237,,-291.0
1692649646693864345,1738,1692649646693864345,,4298.0
1692649646697299718,1739,1692649646697299718,,1063.0
1692649646699595928,1740,1692649646699595928,,-284.0
1692649646741400241,1741,1692649646741400241,,4299.0
1692649646743642330,1742,1692649646743642330,,1063.0
1692649646745357990,1743,1692649646745357990,,-283.0
1692649646789330005,1744,1692649646789330005,,4299.0
1692649646791445255,1745,1692649646791445255,,1063.0
1692649646794090986,1746,1692649646794090986,,4299.0
1692649646815510511,1747,1692649646815510511,,-288.0
1692649646862073898,1748,1692649646862073898,,4299.0
1692649646865064859,1749,1692649646865064859,,1063.0
1692649646867275476,1750,1692649646867275476,,4299.0
1692649646885752677,1751,1692649646885752677,,-291.0
1692649646933463096,1752,1692649646933463096,,4299.0
1692649646936095952,1753,1692649646936095952,,1602.0
1692649646957093715,1754,1692649646957093715,,-286.0
1692649646997897386,1755,1692649646997897386,,4298.0
1692649647000128984,1756,1692649647000128984,,1063.0
1692649647002449035,1757,1692649647002449035,,-291.0
1692649647045886993,1758,1692649647045886993,,4299.0
1692649647047892808,1759,1692649647047892808,,1063.0
1692649647049808025,1760,1692649647049808025,,-289.0
1692649647093814611,1761,1692649647093814611,,4299.0
1692649647096322298,1762,1692649647096322298,,1063.0
1692649647098357677,1763,1692649647098357677,,-286.0
1692649647137675046,1764,1692649647137675046,,4299.0
1692649647139910697,1765,1692649647139910697,,1063.0
1692649647143052101,1766,1692649647143052101,,-286.0
1692649647285819053,1767,1692649647285819053,,4298.0
1692649647288266181,1768,1692649647288266181,,1063.0
1692649647290602445,1769,1692649647290602445,,-21846.0
1692649647293168544,1770,1692649647293168544,,-568.0
1692649647308320283,1771,1692649647308320283,,-292.0
1692649647353612899,1772,1692649647353612899,,4298.0
1692649647356536865,1773,1692649647356536865,,1062.0
1692649647358626127,1774,1692649647358626127,,4299.0
1692649647378490686,1775,1692649647378490686,,-287.0
1692649647421269416,1776,1692649647421269416,,4299.0
1692649647424634695,1777,1692649647424634695,,1063.0
1692649647427428722,1778,1692649647427428722,,-290.0
1692649647473938226,1779,1692649647473938226,,4299.0
1692649647477097988,1780,1692649647477097988,,1602.0
1692649647497715234,1781,1692649647497715234,,-288.0
1692649647541836261,1782,1692649647541836261,,4299.0
1692649647543968200,1783,1692649647543968200,,1062.0
1692649647546079158,1784,1692649647546079158,,4298.0
1692649647566859483,1785,1692649647566859483,,-286.0
1692649647613471984,1786,1692649647613471984,,4298.0
1692649647615959405,1787,1692649647615959405,,1063.0
1692649647617886304,1788,1692649647617886304,,4297.0
1692649647637186050,1789,1692649647637186050,,-287.0
1692649647685289382,1790,1692649647685289382,,4298.0
1692649647688757419,1791,1692649647688757419,,1603.0
1692649647708412885,1792,1692649647708412885,,-287.0
1692649647749969482,1793,1692649647749969482,,4298.0
1692649647752774238,1794,1692649647752774238,,1063.0
1692649647755413770,1795,1692649647755413770,,-295.0
1692649647802848577,1796,1692649647802848577,,4298.0
1692649647806228160,1797,1692649647806228160,,1063.0
1692649647808838129,1798,1692649647808838129,,4299.0
1692649647825280427,1799,1692649647825280427,,-292.0
1692649647873545408,1800,1692649647873545408,,4298.0
1692649647876510858,1801,1692649647876510858,,1602.0
1692649647896411180,1802,1692649647896411180,,-287.0
1692649647941826820,1803,1692649647941826820,,4299.0
1692649647944343566,1804,1692649647944343566,,1062.0
1692649647946822881,1805,1692649647946822881,,4299.0
1692649647966835737,1806,1692649647966835737,,-290.0
1692649648014233350,1807,1692649648014233350,,4298.0
1692649648017038345,1808,1692649648017038345,,1063.0
1692649648019586563,1809,1692649648019586563,,1602.0
1692649648037304401,1810,1692649648037304401,,-285.0
1692649648081801176,1811,1692649648081801176,,4298.0
1692649648084528684,1812,1692649648084528684,,1062.0
1692649648086854934,1813,1692649648086854934,,4298.0
1692649648107456445,1814,1692649648107456445,,-294.0
1692649648153322696,1815,1692649648153322696,,4298.0
1692649648156153917,1816,1692649648156153917,,1062.0
1692649648158477067,1817,1692649648158477067,,4298.0
1692649648177999258,1818,1692649648177999258,,-283.0
1692649648221523284,1819,1692649648221523284,,4298.0
1692649648223829269,1820,1692649648223829269,,1062.0
1692649648226652860,1821,1692649648226652860,,-286.0
1692649648269833564,1822,1692649648269833564,,4298.0
1692649648272294998,1823,1692649648272294998,,1062.0
1692649648274844884,1824,1692649648274844884,,4299.0
1692649648295361280,1825,1692649648295361280,,-292.0
1692649648342048168,1826,1692649648342048168,,4299.0
1692649648344659805,1827,1692649648344659805,,1062.0
1692649648347485065,1828,1692649648347485065,,4298.0
1692649648366467237,1829,1692649648366467237,,-290.0
1692649648409998416,1830,1692649648409998416,,4299.0
1692649648412743330,1831,1692649648412743330,,1062.0
1692649648414901971,1832,1692649648414901971,,-289.0
1692649648453737497,1833,1692649648453737497,,4298.0
1692649648457154750,1834,1692649648457154750,,1062.0
1692649648460129976,1835,1692649648460129976,,-287.0
1692649648505367755,1836,1692649648505367755,,4299.0
1692649648508149147,1837,1692649648508149147,,1062.0
1692649648510801315,1838,1692649648510801315,,4299.0
1692649648531258344,1839,1692649648531258344,,-290.0
1692649648578295469,1840,1692649648578295469,,4298.0
1692649648581310987,1841,1692649648581310987,,1062.0
1692649648583437204,1842,1692649648583437204,,1602.0
1692649648600965261,1843,1692649648600965261,,-294.0
1692649648645476579,1844,1692649648645476579,,4299.0
1692649648647782564,1845,1692649648647782564,,1063.0
1692649648650453567,1846,1692649648650453567,,4298.0
1692649648672269582,1847,1692649648672269582,,-282.0
1692649648718174934,1848,1692649648718174934,,4298.0
1692649648721170425,1849,1692649648721170425,,1063.0
1692649648726291418,1850,1692649648726291418,,4299.0
1692649648742185115,1851,1692649648742185115,,-286.0
1692649648785624265,1852,1692649648785624265,,4299.0
1692649648788109064,1853,1692649648788109064,,1062.0
1692649648790628194,1854,1692649648790628194,,-287.0
1692649648834396839,1855,1692649648834396839,,4298.0
1692649648836985588,1856,1692649648836985588,,1063.0
1692649648839879989,1857,1692649648839879989,,4299.0
1692649648860030174,1858,1692649648860030174,,-290.0
1692649648905927896,1859,1692649648905927896,,4299.0
1692649648908951520,1860,1692649648908951520,,1062.0
1692649648911621809,1861,1692649648911621809,,4299.0
1692649648930349349,1862,1692649648930349349,,-292.0
1692649648977822065,1863,1692649648977822065,,4298.0
1692649648980868577,1864,1692649648980868577,,1602.0
1692649649000591754,1865,1692649649000591754,,-289.0
1692649649045802831,1866,1692649649045802831,,4298.0
1692649649048666000,1867,1692649649048666000,,1063.0
1692649649051504373,1868,1692649649051504373,,4299.0
1692649649071636676,1869,1692649649071636676,,-286.0
1692649649117965936,1870,1692649649117965936,,4298.0
1692649649120714187,1871,1692649649120714187,,1063.0
1692649649123397827,1872,1692649649123397827,,4298.0
1692649649141868352,1873,1692649649141868352,,-285.0
1692649649189788818,1874,1692649649189788818,,4299.0
1692649649192059755,1875,1692649649192059755,,1602.0
1692649649211901426,1876,1692649649211901426,,-288.0
1692649649257428646,1877,1692649649257428646,,4298.0
1692649649260241270,1878,1692649649260241270,,1063.0
1692649649262475252,1879,1692649649262475252,,4299.0
1692649649282227039,1880,1692649649282227039,,-283.0
1692649649329355239,1881,1692649649329355239,,4299.0
1692649649331440687,1882,1692649649331440687,,1062.0
1692649649333404779,1883,1692649649333404779,,1602.0
1692649649354372024,1884,1692649649354372024,,-290.0
1692649649394135475,1885,1692649649394135475,,4298.0
1692649649397038221,1886,1692649649397038221,,1063.0
1692649649400150775,1887,1692649649400150775,,-289.0
1692649649441919565,1888,1692649649441919565,,4299.0
1692649649444310426,1889,1692649649444310426,,1062.0
1692649649446730613,1890,1692649649446730613,,-285.0
1692649649493337631,1891,1692649649493337631,,4299.0
1692649649496318817,1892,1692649649496318817,,1062.0
1692649649498922348,1893,1692649649498922348,,4299.0
1692649649517965316,1894,1692649649517965316,,-289.0
1692649649566387176,1895,1692649649566387176,,4299.0
1692649649568976402,1896,1692649649568976402,,1601.0
1692649649588728904,1897,1692649649588728904,,-292.0
1692649649633920192,1898,1692649649633920192,,4299.0
1692649649636835098,1899,1692649649636835098,,1063.0
1692649649638945579,1900,1692649649638945579,,4299.0
1692649649658647298,1901,1692649649658647298,,-285.0
1692649649701329708,1902,1692649649701329708,,4299.0
1692649649704155445,1903,1692649649704155445,,1062.0
1692649649706880569,1904,1692649649706880569,,-285.0
1692649649749868392,1905,1692649649749868392,,4299.0
1692649649752264738,1906,1692649649752264738,,1062.0
1692649649754349470,1907,1692649649754349470,,-286.0
1692649649776191711,1908,1692649649776191711,,4299.0
1692649649778373003,1909,1692649649778373003,,1063.0
1692649649799522638,1910,1692649649799522638,,-291.0
1692649649845489978,1911,1692649649845489978,,4299.0
1692649649847619533,1912,1692649649847619533,,1062.0
1692649649849557161,1913,1692649649849557161,,4299.0
1692649649870497226,1914,1692649649870497226,,-288.0
1692649649913949251,1915,1692649649913949251,,4298.0
1692649649916972637,1916,1692649649916972637,,1063.0
1692649649919240713,1917,1692649649919240713,,-285.0
1692649649961508512,1918,1692649649961508512,,4299.0
1692649649963559389,1919,1692649649963559389,,1062.0
1692649649965993404,1920,1692649649965993404,,-290.0
1692649649987757205,1921,1692649649987757205,,4298.0
1692649649989816665,1922,1692649649989816665,,1063.0
1692649650011689424,1923,1692649650011689424,,-285.0
1692649650054075956,1924,1692649650054075956,,4298.0
1692649650057145833,1925,1692649650057145833,,1062.0
1692649650059849500,1926,1692649650059849500,,-289.0
1692649650102184295,1927,1692649650102184295,,4298.0
1692649650104747772,1928,1692649650104747772,,1063.0
1692649650106554508,1929,1692649650106554508,,-287.0
1692649650149444580,1930,1692649650149444580,,4298.0
1692649650189604282,1931,1692649650189604282,,1062.0
1692649650192105531,1932,1692649650192105531,,-280.0
1692649650196650505,1933,1692649650196650505,,4298.0
1692649650198283672,1934,1692649650198283672,,1063.0
1692649650199663877,1935,1692649650199663877,,-287.0
1692649650221972227,1936,1692649650221972227,,4298.0
1692649650223631858,1937,1692649650223631858,,1062.0
1692649650245678901,1938,1692649650245678901,,-285.0
1692649650289054393,1939,1692649650289054393,,4298.0
1692649650290836572,1940,1692649650290836572,,1062.0
1692649650292805194,1941,1692649650292805194,,-293.0
1692649650337825059,1942,1692649650337825059,,4299.0
1692649650340466260,1943,1692649650340466260,,1062.0
1692649650342896461,1944,1692649650342896461,,4299.0
1692649650363545417,1945,1692649650363545417,,-293.0
1692649650410089731,1946,1692649650410089731,,4298.0
1692649650412466287,1947,1692649650412466287,,1062.0
1692649650414565086,1948,1692649650414565086,,4299.0
1692649650433876991,1949,1692649650433876991,,-289.0
1692649650481376409,1950,1692649650481376409,,4298.0
1692649650484243154,1951,1692649650484243154,,1602.0
1692649650505099773,1952,1692649650505099773,,-285.0
1692649650549880266,1953,1692649650549880266,,4299.0
1692649650552494525,1954,1692649650552494525,,1062.0
1692649650555107116,1955,1692649650555107116,,4298.0
1692649650575423002,1956,1692649650575423002,,-291.0
1692649650622373819,1957,1692649650622373819,,4299.0
1692649650625023126,1958,1692649650625023126,,1062.0
1692649650627938270,1959,1692649650627938270,,4299.0
1692649650646016597,1960,1692649650646016597,,-285.0
1692649650689796447,1961,1692649650689796447,,4299.0
1692649650692578554,1962,1692649650692578554,,1063.0
1692649650716525316,1963,1692649650716525316,,-292.0
1692649650761780500,1964,1692649650761780500,,4298.0
1692649650764108657,1965,1692649650764108657,,1063.0
1692649650766122341,1966,1692649650766122341,,4299.0
1692649650786388397,1967,1692649650786388397,,-285.0
1692649650829498052,1968,1692649650829498052,,4299.0
1692649650832779169,1969,1692649650832779169,,1062.0
1692649650836274385,1970,1692649650836274385,,-291.0
1692649650878371477,1971,1692649650878371477,,4299.0
1692649650881185770,1972,1692649650881185770,,1062.0
1692649650883480787,1973,1692649650883480787,,4299.0
1692649650904113769,1974,1692649650904113769,,-292.0
1692649650946130037,1975,1692649650946130037,,4298.0
1692649650949285268,1976,1692649650949285268,,1063.0
1692649650952047109,1977,1692649650952047109,,-292.0
1692649650998219728,1978,1692649650998219728,,4298.0
1692649651001131534,1979,1692649651001131534,,1062.0
1692649651003790378,1980,1692649651003790378,,4299.0
1692649651022014379,1981,1692649651022014379,,-293.0
1692649651069923877,1982,1692649651069923877,,4298.0
1692649651072569608,1983,1692649651072569608,,1602.0
1692649651092625141,1984,1692649651092625141,,-287.0
1692649651138150215,1985,1692649651138150215,,4298.0
1692649651140994071,1986,1692649651140994071,,1062.0
1692649651143736839,1987,1692649651143736839,,4299.0
1692649651163108825,1988,1692649651163108825,,-286.0
1692649651210178613,1989,1692649651210178613,,4299.0
1692649651213089942,1990,1692649651213089942,,1062.0
1692649651215667247,1991,1692649651215667247,,1601.0
1692649651233451366,1992,1692649651233451366,,-289.0
1692649651281859159,1993,1692649651281859159,,4298.0
1692649651284600496,1994,1692649651284600496,,1602.0
1692649651304001092,1995,1692649651304001092,,-286.0
1692649651349941253,1996,1692649651349941253,,4299.0
1692649651353394746,1997,1692649651353394746,,1063.0
1692649651356227159,1998,1692649651356227159,,4299.0
1692649651375258207,1999,1692649651375258207,,-289.0
1692649651422102451,2000,1692649651422102451,,4299.0
1692649651424659729,2001,1692649651424659729,,1602.0
1692649651446004390,2002,1692649651446004390,,-289.0
1692649651485757350,2003,1692649651485757350,,4299.0
1692649651487888574,2004,1692649651487888574,,1062.0
1692649651491083145,2005,1692649651491083145,,-286.0
1692649651533219337,2006,1692649651533219337,,4299.0
1692649651536067724,2007,1692649651536067724,,1062.0
1692649651538793325,2008,1692649651538793325,,-291.0
1692649651581963300,2009,1692649651581963300,,4299.0
1692649651584957838,2010,1692649651584957838,,1062.0
1692649651587625980,2011,1692649651587625980,,-293.0
1692649651629870653,2012,1692649651629870653,,4298.0
1692649651632504940,2013,1692649651632504940,,1062.0
1692649651634847164,2014,1692649651634847164,,-293.0
1692649651656610012,2015,1692649651656610012,,4299.0
1692649651659660577,2016,1692649651659660577,,1062.0
1692649651680094718,2017,1692649651680094718,,-289.0
1692649651725406885,2018,1692649651725406885,,4299.0
1692649651727859735,2019,1692649651727859735,,1062.0
1692649651730533838,2020,1692649651730533838,,4299.0
1692649651750616073,2021,1692649651750616073,,-281.0
1692649651794221639,2022,1692649651794221639,,4299.0
1692649651797000169,2023,1692649651797000169,,1062.0
1692649651799723148,2024,1692649651799723148,,-289.0
1692649651837683916,2025,1692649651837683916,,4298.0
1692649651840222835,2026,1692649651840222835,,1062.0
1692649651844381093,2027,1692649651844381093,,-291.0
1692649651885755062,2028,1692649651885755062,,4299.0
1692649651888394355,2029,1692649651888394355,,1062.0
1692649651890849113,2030,1692649651890849113,,-285.0
1692649651933370351,2031,1692649651933370351,,4298.0
1692649651935595750,2032,1692649651935595750,,1062.0
1692649651938082456,2033,1692649651938082456,,-296.0
1692649651982169151,2034,1692649651982169151,,4299.0
1692649651987190246,2035,1692649651987190246,,1062.0
1692649651989020109,2036,1692649651989020109,,4299.0
1692649652008658170,2037,1692649652008658170,,-289.0
1692649652053325414,2038,1692649652053325414,,4299.0
1692649652056280851,2039,1692649652056280851,,1063.0
1692649652058999300,2040,1692649652058999300,,4298.0
1692649652079631567,2041,1692649652079631567,,-296.0
1692649652125790834,2042,1692649652125790834,,4299.0
1692649652128516197,2043,1692649652128516197,,1062.0
1692649652130990505,2044,1692649652130990505,,4299.0
1692649652149914979,2045,1692649652149914979,,-289.0
1692649652290353059,2046,1692649652290353059,,4299.0
1692649652292964935,2047,1692649652292964935,,1602.0
1692649652294839143,2048,1692649652294839143,,1062.0
1692649652296392917,2049,1692649652296392917,,-21846.0
1692649652314035415,2050,1692649652314035415,,-284.0
1692649652357620477,2051,1692649652357620477,,4299.0
1692649652360031127,2052,1692649652360031127,,1062.0
1692649652361975908,2053,1692649652361975908,,-288.0
1692649652405407905,2054,1692649652405407905,,4299.0
1692649652408207654,2055,1692649652408207654,,1062.0
1692649652410965681,2056,1692649652410965681,,-285.0
1692649652431327342,2057,1692649652431327342,,4299.0
